Câu h?i;Ph??ng án A;Ph??ng án B;Ph??ng án C;Ph??ng án D;?áp án ?úng
Câu 1: Câu tr? l?i sau ?ây, câu nào di?n ??t ch?a chu?n xác:;Ch? ngh?a Mác là h?c thuy?t v? s? gi?i phóng giai c?p công nhân.;Ch? ngh?a Mác là m?t h? th?ng lý lu?n khoa h?c và cách m?ng.;Ch? ngh?a Mác là th? gi?i quan và ph??ng pháp lu?n chung c?a m?i nh?n th?c và th?c ti?n.;Ch? ngh?a Mác ???c c?u thành t? ba b? ph?n: tri?t h?c, kinh t? chính tr? và ch? ngh?a xã h?i khoa h?c.;C
Câu 2: Phát ki?n v? ??i nh?t c?a Các Mác trên l?nh v?c nghiên c?u tri?t h?c và kinh t? chính tr? là:;Tìm ra quy lu?t v?n ??ng c?a t? nhiên.;Hoàn thi?n phép bi?n ch?ng c?a Hêghen.;Phát tri?n ch? ngh?a xã h?i không t??ng.;Sáng t?o ra ch? ngh?a duy v?t l?ch s? và h?c thuy?t giá tr? th?ng d?.;D
Câu 3: Trong tác ph?m kinh ?i?n sau ?ây, tác ph?m nào ???c ?ánh giá là v?n ki?n ??u tiên có tính c??ng l?nh c?a ch? ngh?a Mác, th? hi?n s? chín mu?i v? m?t th? gi?i quan m?i c?a C. Mác và ?ngghen:;H? t? t??ng ??c (1845).;S? kh?n cùng c?a tri?t h?c (1847).;B? T? b?n (1867).;Tuyên ngôn c?a ??ng c?ng s?n (1848).;D
Câu 4: Trong ch? ngh?a Mác - Lênin, b? ph?n lý lu?n nào có ch?c n?ng làm sáng t? b?n ch?t và nh?ng quy lu?t chung nh?t c?a m?i s? v?n ??ng, phát tri?n c?a th? gi?i?;Tri?t h?c Mác - Lênin.;Kinh t? chính tr? Mác - Lênin.;Ch? ngh?a xã h?i khoa h?c.;L?ch s? ??ng C?ng s?n.;A
Câu 5: Trong các câu h?i sau ?ây, câu h?i nào là bi?n th? c?a cách di?n ??t v?n ?? c? b?n c?a tri?t h?c:;Con ng??i có th? ??t t?i chân lý tuy?t ??i không?;N?i dung c?a các t? t??ng c?a con ng??i xu?t hi?n t? ?âu và b?ng cách nào?;??ng l?c phát tri?n c?a xã h?i là gì?;Th? gi?i v?n ??ng theo quy lu?t nào?;B
"Câu 6: Khái ni?m: ""Nh?ng nguyên lý c? b?n c?a ch? ngh?a Mác - Lênin"" là ch?:";T?t c? các tác ph?m c?a Mác, ?ngghen, Lênin.;Nh?ng lu?n ?i?m ?ã l?i th?i c?a ch? ngh?a Mác - Lênin.;Nh?ng ?ng d?ng c? th? c?a ch? ngh?a Mác - Lênin ? m?i qu?c gia.;Nh?ng quan ?i?m c? b?n, n?n t?ng và có tính ch?t chân lý b?n v?ng c?a ch? ngh?a Mác - Lênin.;D
Câu 7: Ch? ngh?a Mác - Lênin là h?c thuy?t khoa h?c:;Là m?t h? th?ng giáo ?i?u, c?ng nh?c, không thay ??i.;Ch? ?úng trong th? k? XIX.;Ch? áp d?ng cho các n??c ph??ng Tây.;Không ng?ng phát tri?n trên c? s? t?ng k?t nh?ng thành t?u m?i c?a s? phát tri?n các khoa h?c và th?c ti?n.;D
Câu 8: Trong tác ph?m kinh ?i?n nào sau ?ây, tác ph?m nào th? hi?n s? t?p trung ??y ?? nh?t n?i dung lý lu?n kinh t? chính tr? h?c c?a ch? ngh?a Mác? Tác ph?m ?ó c?a ai?;Tuyên ngôn c?a ??ng C?ng s?n/ C. Mác và Ph. ?ngghen.;Ch?ng ?uy-rinh/ Ph. ?ngghen.;B? T? b?n/ C. Mác.;Nhà n??c và cách m?ng/ V.I. Lênin.;C
Câu 9: Trong tác ph?m kinh ?i?n nào sau ?ây, tác ph?m nào th? hi?n t?p trung vi?c V.I. Lênin ?ã k? th?a và phát tri?n quan ni?m c?a ch? ngh?a Mác v? v?t ch?t, v? m?i quan h? gi?a v?t ch?t và ý th?c, t?n t?i xã h?i và ý th?c xã h?i:;Làm gì?/ V.I. Lênin.;Ch? ngh?a duy v?t và ch? ngh?a kinh nghi?m phê phán.;Bút ký tri?t h?c/ V.I. Lênin.;Nhà n??c và cách m?ng/ V.I. Lênin.;B
Câu 10: Trong tác ph?m kinh ?i?n nào sau ?ây, tác ph?m nào th? hi?n t?p trung vi?c V.I. Lênin ?ã k? th?a và phát tri?n t? t??ng bi?n ch?ng trong tri?t h?c c?a G.W.Ph. Hêghen?;Làm gì?/ V.I. Lênin.;Hai sách l??c c?a ??ng dân ch? - xã h?i trong cách m?ng dân ch?/ V.I. Lênin.;Ch? ngh?a ?? qu?c, giai ?o?n t?t cùng c?a ch? ngh?a t? b?n/ V.I. Lênin.;Bút ký tri?t h?c.;D
Câu 11: Theo Ph. ?ngghen, v?n ?? c? b?n l?n c?a tri?t h?c là v?n ?? v?:;M?i quan h? gi?a con ng??i và t? nhiên.;M?i quan h? gi?a giai c?p bóc l?t và b? bóc l?t.;M?i quan h? gi?a t? duy và t?n t?i.;M?i quan h? gi?a cá nhân và xã h?i.;C
Câu 12: Hai khái ni?m tri?t h?c và th? gi?i quan...;Tri?t h?c và th? gi?i quan là ??ng nh?t.;Tri?t h?c không ph?i là toàn b? th? gi?i quan mà ch? là h?t nhân lý lu?n chung nh?t c?a th? gi?i quan.;Th? gi?i quan là m?t b? ph?n c?a tri?t h?c.;Tri?t h?c và th? gi?i quan không có m?i liên h? nào.;B
Câu 13: N?i dung m?t th? nh?t c?a v?n ?? c? b?n c?a tri?t h?c là:;Con ng??i có kh? n?ng nh?n th?c th? gi?i hay không?;Th? gi?i v?n ??ng hay ??ng im?;Th? gi?i t?n t?i trong không gian và th?i gian nào?;B?n ch?t c?a th? gi?i là v?t ch?t hay ý th?c.;D
Câu 14: H? th?ng tri?t h?c nào quan ni?m s? v?t là ph?c h?p c?a c?m giác?;Ch? ngh?a duy v?t bi?n ch?ng.;Ch? ngh?a duy tâm khách quan.;Ch? ngh?a duy tâm ch? quan.;Thuy?t b?t kh? tri.;C
Câu 15: H? th?ng tri?t h?c nào coi c?m giác là hình ?nh ch? quan c?a th? gi?i khách quan?;Ch? ngh?a duy v?t bi?n ch?ng.;Ch? ngh?a duy tâm ch? quan.;Ch? ngh?a duy tâm khách quan.;Ch? ngh?a nh? nguyên.;A
Câu 16: Các trình ?? phát tri?n c?a th? gi?i quan:;Th? gi?i quan khoa h?c - th? gi?i quan tôn giáo - th? gi?i quan huy?n tho?i.;Th? gi?i quan tri?t h?c - th? gi?i quan tôn giáo - th? gi?i quan huy?n tho?i.;Th? gi?i quan huy?n tho?i - th? gi?i quan tôn giáo - th? gi?i quan tri?t h?c.;Th? gi?i quan duy v?t - th? gi?i quan duy tâm - th? gi?i quan nh? nguyên.;C
Câu 17: Th? gi?i quan là:;Toàn b? tri th?c khoa h?c mà con ng??i ??t ???c.;Ni?m tin tôn giáo c?a con ng??i vào ??ng siêu nhiên.;Cách nhìn nh?n, ?ánh giá v? m?t l?nh v?c c? th?.;H? th?ng quan ni?m, quan ?i?m chung nh?t c?a con ng??i v? th? gi?i.;D
Câu 18: Trong xã h?i có giai c?p, tri?t h?c:;C?ng có tính giai c?p.;??ng trên các giai c?p.;Không liên quan ??n giai c?p.;Ch? ph?c v? giai c?p th?ng tr?.;A
Câu 19: Ch?n lu?n ?i?m th? hi?n l?p tr??ng tri?t h?c duy tâm l?ch s?:;T?n t?i xã h?i quy?t ??nh ý th?c xã h?i.;L?c l??ng s?n xu?t quy?t ??nh quan h? s?n xu?t.;S? v?n ??ng và phát tri?n c?a xã h?i, suy cho cùng là do t? t??ng c?a con ng??i quy?t ??nh.;??u tranh giai c?p là ??ng l?c phát tri?n c?a xã h?i có giai c?p.;C
"Câu 20: Nh?n ??nh sau thu?c l?p tr??ng tri?t h?c nào? ""Nhân t? kinh t? là nhân t? quy?t ??nh duy nh?t trong l?ch s?"".";Ch? ngh?a duy v?t l?ch s?.;Ch? ngh?a duy tâm.;Tri?t h?c siêu hình.;Ch? ngh?a duy v?t t?m th??ng.;D
Câu 21: Phép bi?n ch?ng c? ??i là:;Phép bi?n ch?ng duy tâm.;Bi?n ch?ng ngây th?, ch?t phác.;Phép bi?n ch?ng duy v?t.;Phép bi?n ch?ng siêu hình.;B
Câu 22: Phép bi?n ch?ng c?a tri?t h?c Hêghen là:;Phép bi?n ch?ng ngây th?, ch?t phác.;Phép bi?n ch?ng t? phát.;Phép bi?n ch?ng duy v?t.;Phép bi?n ch?ng duy tâm khách quan.;D
Câu 23: V?n ??ng c?a t? nhiên và l?ch s? ch? là s? tha hóa s? t? v?n ??ng c?a ý ni?m tuy?t ??i. Quan ni?m trên thu?c l?p tr??ng tri?t h?c nào?1;Ch? ngh?a duy v?t2.;Ch? ngh?a duy tâm ch? quan.;Ch? ngh?a duy tâm khách quan.;Ch? ngh?a nh? nguyên.;C
"Câu 24: Ch?n ph??ng án ?úng ?? ?i?n vào ch? tr?ng: ""?i?m xu?t phát ... là s? kh?ng ??nh nh?ng s? v?t hi?n t??ng c?a t? nhiên ??u bao hàm nh?ng mâu thu?n v?n có c?a chúng"".";Ph??ng pháp siêu hình.;Phép bi?n ch?ng.;Ch? ngh?a duy tâm.;Thuy?t b?t kh? tri.;B
"Câu 25: ""T?t c? cái gì ?ang v?n ??ng, ??u v?n ??ng nh? m?t cái khác nào ?ó"". Nh?n ??nh này g?n li?n v?i h? th?ng tri?t h?c nào? Hãy ch?n ph??ng án sai?";Tri?t h?c duy v?t.;Tri?t h?c siêu hình.;Tri?t h?c duy tâm.;Tri?t h?c Aristotle.;A
"Câu 26: Nên g?n ý ki?n: ""Nguyên nhân cao h?n, hoàn thi?n h?n k?t qu? c?a nó"" v?i l?p tr??ng tri?t h?c nào?";Tri?t h?c duy v?t bi?n ch?ng.;Tri?t h?c duy tâm khách quan.;Tri?t h?c duy tâm ch? quan.;Tri?t h?c siêu hình.;B
Câu 27: Tri?t h?c bao g?m nh?ng quan ?i?m chung nh?t... nên tri?t h?c bao g?m toàn b? tri th?c c?a nhân lo?i. K?t lu?n trên ?ng v?i tri?t h?c th?i k? nào?;Tri?t h?c c? ??i.;Tri?t h?c trung c?.;Tri?t h?c c?n ??i.;Tri?t h?c hi?n ??i.;A
Câu 28: Xác ??nh quan ?i?m duy v?t bi?n ch?ng trong s? nh?ng lu?n ?i?m sau:;Th? gi?i là ph?c h?p c?a các c?m giác.;Ý ni?m tuy?t ??i là ngu?n g?c c?a th? gi?i.;Th? gi?i th?ng nh?t ? tính v?t ch?t.;Th? gi?i do Th??ng ?? sáng t?o ra.;C
Câu 29: Khi khoa h?c t? nhiên phát hi?n ra tia X, ra hi?n t??ng phóng x?, ra ?i?n t?... Theo V.I. Lênin ?i?u ?ó ch?ng t? gì?;V?t ch?t ?ã tiêu tan.;Ch? ngh?a duy v?t ?ã s?p ??.;Gi?i h?n hi?u bi?t c?a chúng ta v? v?t ch?t m?t ?i.;Th? gi?i là b?t kh? tri (không th? nh?n th?c).;C
Câu 30: Nh?ng phát minh c?a v?t lý h?c c?n ??i ?ã bác b? khuynh h??ng tri?t h?c nào?;Ch? ngh?a duy v?t bi?n ch?ng.;Ch? ngh?a duy tâm khách quan.;Thuy?t b?t kh? tri.;Duy v?t ch?t phác và duy v?t siêu hình.;D
Câu 31: Khái ni?m trung tâm mà V.I. Lênin s? d?ng ?? ??nh ngh?a v? v?t ch?t là?;Nguyên t?.;Th?c t?i khách quan.;T?n t?i.;C?m giác.;B
Câu 32: Trong ??nh ngh?a v? v?t ch?t c?a mình, V.I.Lênin cho thu?c tính chung nh?t c?a v?t ch?t là:;Có kh?i l??ng và n?ng l??ng.;Luôn luôn v?n ??ng và bi?n ??i.;T?n t?i trong không gian và th?i gian.;T?n t?i khách quan bên ngoài ý th?c không l? thu?c vào c?m giác.;D
Câu 33: Xác ??nh m?nh ?? sai?;V?t th? không ph?i là v?t ch?t.;V?t ch?t là th?c t?i khách quan.;Nguyên t? là m?t d?ng t?n t?i c?a v?t ch?t.;V?t th? là d?ng t?n t?i c? th? c?a v?t ch?t.;A
Câu 34: Xác ??nh m?nh ?? ?úng theo quan ?i?m duy v?t bi?n ch?ng:;Ph?n v?t ch?t là s? ph? ??nh c?a v?t ch?t, là phi v?t ch?t.;Ph?n ?i?n t?, ph?n h?t nhân là th?c t?i khách quan, là d?ng c? th? c?a v?t ch?t.;Ph?n v?t ch?t là s?n ph?m c?a t? duy, không t?n t?i th?c.;Ph?n v?t ch?t ch? t?n t?i trong các thí nghi?m, không có trong t? nhiên.;B
Câu 35: Sai l?m c?a các nhà tri?t h?c c? ??i trong quan ni?m v? v?t ch?t?;??ng nh?t v?t ch?t v?i m?t s? d?ng v?t th? c? th?, c?m tính.;Cho r?ng v?t ch?t là do Th??ng ?? sáng t?o ra.;Ph? nh?n s? t?n t?i khách quan c?a v?t ch?t.;Cho r?ng v?t ch?t luôn ??ng im, không v?n ??ng.;A
Câu 36: Theo Ph. ?ngghen, tính th?ng nh?t c?a v?t ch?t ???c ch?ng minh b?i:;S? t?n t?i c?a Th??ng ??.;S? ??ng nh?t trong t? duy c?a con ng??i.;S? gi?ng nhau v? hình th?c c?a các s? v?t.;S? phát tri?n lâu dài và khó kh?n c?a tri?t h?c và khoa h?c t? nhiên.;D
Câu 37: Trung tâm ??nh ngh?a v?t ch?t c?a V.I.Lênin là c?m t? nào?;Th?c t?i khách quan.;???c c?m giác chép l?i, ch?p l?i.;T?n t?i không l? thu?c c?m giác.;Ph?m trù tri?t h?c.;A
Câu 38: Thu?c tính c? b?n nh?t c?a v?t ch?t, nh? ?ó phân bi?t v?t ch?t v?i ý th?c ?ã ???c V.I.Lênin xác ??nh trong ??nh ngh?a v?t ch?t là thu?c tính:;V?n ??ng.;T?n t?i khách quan.;Có th? gây ra c?m giác.;T?n t?i.;B
Câu 39: Xác ??nh n?i dung c? b?n trong ??nh ngh?a c?a V.I.Lênin v? v?t ch?t:;V?t ch?t là nguyên t?, là c? s? c?a m?i t?n t?i.;V?t ch?t là cái có th? c?m nh?n ???c b?ng các giác quan.;Th?c t?i khách quan - t?n t?i ??c l?p v?i ý th?c và khi tác ??ng ??n giác quan con ng??i thì có th? sinh ra c?m giác.;V?t ch?t là toàn b? th? gi?i hi?n th?c.;C
Câu 40: N?u không th?a nh?n v?t ch?t t? thân v?n ??ng thì nh?t ??nh d?n t?i quan ?i?m duy tâm v? ngu?n g?c c?a v?n ??ng c?a v?t ch?t, vì:;S? ph?i th?a nh?n th? gi?i ??ng im tuy?t ??i.;S? ph?i th?a nh?n nguyên nhân cu?i cùng c?a m?i v?n ??ng c?a v?t ch?t là t? ý th?c.;S? mâu thu?n v?i các ??nh lu?t b?o toàn trong v?t lý.;S? không gi?i thích ???c s? ?a d?ng c?a th? gi?i.;B
Câu 41: ??ng im là:;Tuy?t ??i.;T??ng ??i.;V?nh vi?n.;Không t?n t?i.;B
Câu 42: Không gian và th?i gian:;Tách r?i kh?i v?t ch?t.;Là s?n ph?m c?a t? duy con ng??i.;Không gian và th?i gian ??u là nh?ng hình th?c c? b?n c?a t?n t?i v?t ch?t.;Không gian có 3 chi?u, th?i gian có 2 chi?u.;C
Câu 43: Theo quan ?i?m c?a tri?t h?c Mác - Lênin thu?c tính ph?n ánh là thu?c tính?;Ch? có ? con ng??i.;Ch? có ? sinh v?t.;Ch? có ? v?t ch?t h?u c?.;Ph? bi?n ? m?i t? ch?c v?t ch?t.;D
Câu 44: Nhân t? c? b?n, tr?c ti?p t?o thành ngu?n g?c xã h?i c?a ý th?c:;Lao ??ng và ngôn ng?.;Giáo d?c và pháp lu?t.;Nhà n??c và giai c?p.;Tôn giáo và ngh? thu?t.;A
Câu 45: Ngu?n g?c xã h?i tr?c ti?p và quan tr?ng nh?t quy?t ??nh s? ra ??i và phát tri?n c?a ý th?c là:;Giao ti?p.;Th?c ti?n.;T? duy.;Giáo d?c.;B
"Câu 46: Ch?n t? phù h?p ?i?n vào câu sau cho ?úng quan ?i?m duy v?t bi?n ch?ng: ""Ý ni?m ch?ng qua là ... ???c di chuy?n vào b? óc con ng??i và ???c c?i bi?n ?i ? trong ?ó"".";Cái tinh th?n.;Cái v?t ch?t.;Cái tr?u t??ng.;Cái c?m tính.;B
Câu 47: S? thông thái c?a con ng??i:;Ch? th? hi?n trong nh?n th?c lý lu?n.;Ch? th? hi?n trong các tác ph?m ngh? thu?t.;???c quy?t ??nh b?i ngu?n g?c xu?t thân.;???c th? hi?n ch?c ch?n h?n trong ho?t ??ng th?c ti?n.;D
Câu 48: Ph??ng pháp lu?n chung c?a ch? ngh?a duy v?t là trong nh?n th?c và th?c ti?n c?n:;Xu?t phát t? th?c t? khách quan.;Xu?t phát t? ý mu?n ch? quan.;Xu?t phát t? kinh nghi?m c?a b?n thân.;Xu?t phát t? các h?c thuy?t có s?n.;A
Câu 49: ??c ?i?m ch? y?u c?a phép bi?n ch?ng trong tri?t h?c Hyl?p là:;Tính h? th?ng, khoa h?c.;Mang tính duy tâm, th?n bí.;Tính ch?t t? phát, ngây th?, m?c m?c.;G?n li?n v?i các thành t?u khoa h?c.;C
Câu 50: Phép bi?n ch?ng nào cho r?ng bi?n ch?ng ý ni?m sinh ra bi?n ch?ng c?a s? v?t?;Phép bi?n ch?ng duy v?t.;Phép bi?n ch?ng t? phát.;Phép bi?n ch?ng ch?t phác.;Phép bi?n ch?ng duy tâm khách quan.;D
Câu 51: T?i sao C.Mác nói phép bi?n ch?ng c?a G.W.Ph.Hêghen là phép bi?n ch?ng l?n ??u xu?ng ??t?;Ph? nh?n s? v?n ??ng, phát tri?n.;Ch? th?a nh?n s? thay ??i v? l??ng.;Coi ??u tranh c?a các m?t ??i l?p là tuy?t ??i.;Th?a nh?n t? nhiên, xã h?i là s?n ph?m c?a quá trình phát tri?n c?a tinh th?n, ý ni?m.;D
Câu 52: Bi?n ch?ng khách quan là gì?;Là bi?n ch?ng trong t? duy.;Là logic bi?n ch?ng.;Là bi?n ch?ng c?a các t?n t?i v?t ch?t.;Là lý lu?n v? bi?n ch?ng.;C
Câu 53: Bi?n ch?ng ch? quan là gì?;Là bi?n ch?ng c?a th? gi?i v?t ch?t.;Là bi?n ch?ng c?a ý th?c.;Là s? v?n ??ng c?a t? nhiên.;Là các quy lu?t khách quan.;B
Câu 54: Bi?n ch?ng t? phát là gì?;Là phép bi?n ch?ng ?ã ???c h? th?ng hóa thành lý lu?n.;Là phép bi?n ch?ng duy v?t c?a C. Mác.;Là phép bi?n ch?ng duy tâm c?a Hêghen.;Là nh?ng y?u t? bi?n ch?ng con ng??i ??t ???c trong quá trình tìm hi?u th? gi?i nh?ng ch?a có h? th?ng.;D
Câu 55: ?âu là bi?n ch?ng v?i t? cách là khoa h?c trong s? các quan ni?m, các h? th?ng lý lu?n d??i ?ây?;Phép bi?n ch?ng c? ??i.;Phép bi?n ch?ng t? phát.;Phép bi?n ch?ng duy tâm c? ?i?n ??c.;Phép bi?n ch?ng duy v?t.;D
Câu 56: Theo quan ni?m c?a ch? ngh?a duy v?t bi?n ch?ng gi?a bi?n ch?ng ch? quan và bi?n ch?ng khách quan quan h? th? nào v?i nhau?;Bi?n ch?ng ch? quan quy?t ??nh bi?n ch?ng khách quan.;Bi?n ch?ng khách quan là s?n ph?m c?a bi?n ch?ng ch? quan.;Bi?n ch?ng ch? quan ph?n ánh bi?n ch?ng khách quan.;Hai lo?i bi?n ch?ng này t?n t?i ??c l?p, không liên quan ??n nhau.;C
Câu 57: ?âu là n?i dung nguyên lý c?a phép bi?n ch?ng duy v?t v? m?i liên h? ph? bi?n c?a các s? v?t và hi?n t??ng?;M?i s? v?t, hi?n t??ng ??u t?n t?i bi?t l?p, không liên quan ??n nhau.;Ch? có nh?ng s? v?t h?u hình m?i liên h? v?i nhau.;M?i liên h? do con ng??i quy ??nh cho s? v?t.;Th? gi?i là m?t ch?nh th? th?ng nh?t bao g?m các s? v?t, các quá trình v?a tách bi?t nhau, v?a có m?i liên h? qua l?i v?i nhau, v?a thâm nh?p và chuy?n hóa cho nhau.;D
Câu 58: ?âu là quan ni?m c?a phép bi?n ch?ng duy v?t v? c? s? các m?i liên h??;C? s? c?a các m?i liên h? là do m?t l?c l??ng siêu nhiên t?o ra.;Các m?i liên h? là do c?m giác, ý th?c c?a con ng??i t?o ra.;Các s? v?t liên h? v?i nhau m?t cách ng?u nhiên, không có c? s?.;S? liên h? qua l?i gi?a các s? v?t, hi?n t??ng có c? s? ? tính th?ng nh?t v?t ch?t c?a th? gi?i.;D
Câu 59: ?âu là quan ni?m c?a phép bi?n ch?ng duy v?t v? vai trò c?a các m?i liên h? ??i v?i s? v?n ??ng và phát tri?n c?a các s? v?t hi?n t??ng?;T?t c? các m?i liên h? ??u có vai trò quan tr?ng nh? nhau.;Ch? có m?i liên h? bên trong m?i quan tr?ng.;Các m?i liên h? có vai trò khác nhau tùy vào nh?ng ?i?u ki?n xác ??nh.;M?i liên h? không có vai trò gì ??i v?i s? phát tri?n.;C
Câu 60: V.I.Lênin nói hai quan ni?m c? b?n v? s? phát tri?n... Câu nói này c?a V.I.Lênin nói trong tác ph?m nào?;Ch? ngh?a duy v?t và ch? ngh?a kinh nghi?m phê phán.;Bút ký tri?t h?c.;Nhà n??c và cách m?ng.;Làm gì?;B
Câu 61: Yêu c?u c?a quan ni?m toàn di?n ph?i xem xét t?t c? các m?i liên h? c?a s? v?t. Yêu c?u này không th?c hi?n ???c nh?ng v?n ph?i ?? ra ?? làm gì?;?? ch?ng t? s? ph?c t?p c?a nh?n th?c.;?? làm cho v?n ?? tr? nên khó kh?n h?n.;?? ph? nh?n kh? n?ng nh?n th?c c?a con ng??i.;?? phòng cho chúng ta kh?i ph?m sai l?m và s? c?ng nh?c.;D
Câu 62: Ph??ng pháp siêu hình th?ng tr? tri?t h?c vào th?i k? nào?;C? ??i.;Th? k? XVII - XVIII.;Trung c?.;Hi?n ??i.;B
Câu 63: Có m?y hình th?c c? b?n c?a phép bi?n ch?ng?;Có 2.;Có 3.;Có 4.;Có 5.;B
Câu 64: Phép bi?n ch?ng duy v?t bao g?m nh?ng nguyên lý, quy lu?t c? b?n nào?;1 nguyên lý, 3 quy lu?t.;2 nguyên lý, 6 quy lu?t.;3 nguyên lý, 3 quy lu?t.;2 nguyên lý, 3 quy lu?t.;D
Câu 65: Phép bi?n ch?ng nào ???c coi là khoa h?c v? nh?ng quy lu?t ph? bi?n c?a s? v?n ??ng và s? phát tri?n c?a t? nhiên, xã h?i và t? duy con ng??i?;Phép bi?n ch?ng ngây th?.;Phép bi?n ch?ng duy tâm.;Phép bi?n ch?ng c?a ch? ngh?a Mác - Lênin.;Phép bi?n ch?ng t? phát.;C
Câu 66: Quan ni?m nào cho r?ng c? s? c?a m?i liên h? gi?a các s? v?t, hi?n t??ng là ? tính th?ng nh?t v?t ch?t c?a th? gi?i?;Ph??ng pháp siêu hình.;Ch? ngh?a duy tâm ch? quan.;Ch? ngh?a duy tâm khách quan.;Phép bi?n ch?ng duy v?t.;D
"Câu 67: Quan ni?m nào cho r?ng c? s? c?a m?i liên h? gi?a các s? v?t, hi?n t??ng là ? ""ý ni?m tuy?t ??i""?";Ch? ngh?a duy v?t.;Ch? ngh?a duy tâm ch? quan.;Ch? ngh?a duy tâm khách quan.;Ph??ng pháp siêu hình.;C
Câu 68: Quan ni?m nào kh?ng ??nh gi?a các s? v?t, hi?n t??ng c?a th? gi?i khách quan luôn t?n t?i trong tính quy ??nh và t??ng tác, làm bi?n ??i l?n nhau?;Quan ni?m siêu hình.;Quan ni?m duy tâm ch? quan.;Quan ni?m duy tâm khách quan.;Quan ni?m bi?n ch?ng c?a ch? ngh?a Mác - Lênin.;D
Câu 69: Ngu?n g?c, ??ng l?c c? b?n c?a s? v?n ??ng phát tri?n là do:;S? tác ??ng t? bên ngoài.;Ý mu?n c?a con ng??i.;S? th?ng nh?t và ??u tranh c?a các m?t ??i l?p.;S? s?p ??t c?a Th??ng ??.;C
"Câu 70: Lu?n ?i?m ""b?n ch?t con ng??i là t?ng hòa các quan h? xã h?i"" d?a trên quan ?i?m nào?";Quan ni?m duy tâm.;Quan ni?m siêu hình.;Quan ni?m tôn giáo.;Quan ni?m duy v?t bi?n ch?ng.;D
Câu 71: C? s? tr?c ti?p và ch? y?u nh?t ?? hình thành khái ni?m là gì?;Lý lu?n.;Th?c ti?n.;Kinh nghi?m.;C?m giác.;B
Câu 72: Các ph?m trù ???c hình thành thông qua quá trình...nh?ng thu?c tính, nh?ng m?i liên h? v?n có bên trong c?a b?n thân s? v?t.;C?m nh?n và ghi nh?.;Phân tích và so sánh.;Khái quát hóa và tr?u t??ng hóa.;Suy lu?n và phán ?oán.;C
Câu 73: N?i dung c?a các ph?m trù luôn luôn mang tính...;Khách quan.;Ch? quan.;T??ng ??i.;Tr?u t??ng.;A
Câu 74: Ph?m trù là nh?ng...ph?n ánh nh?ng m?t, nh?ng thu?c tính, nh?ng m?i liên h? chung, c? b?n nh?t c?a các s? v?t và hi?n t??ng thu?c m?t l?nh v?c nh?t ??nh.;Hình ?nh c? th?.;Phán ?oán ??n l?.;Khái ni?m r?ng nh?t.;C?m giác tr?c quan.;C
"Câu 75: ""Cái riêng - cái chung"", ""nguyên nhân - k?t qu?"",... ?ó là các...c?a tri?t h?c Mác - Lênin.";Nguyên lý c? b?n.;C?p ph?m trù c? b?n.;Quy lu?t c? b?n.;Ph??ng pháp c? b?n.;B
"Câu 76: Có s? khác nhau nào gi?a ""khái ni?m"" và ""ph?m trù""?";Không có s? khác nhau, chúng là m?t.;"""Ph?m trù"" ph?i là nh?ng ""khái ni?m"" r?ng nh?t.";"""Khái ni?m"" là khách quan, ""ph?m trù"" là ch? quan.";"""Khái ni?m"" dùng trong khoa h?c c? th?, ""ph?m trù"" dùng trong ??i s?ng.";B
"Câu 77: ""Ph?m trù ch? là nh?ng t? tr?ng r?ng, do con ng??i t??ng t??ng ra..."". ?ây là quan ni?m c?a tr??ng phái nào?";Tr??ng phái tri?t h?c duy th?c.;Tr??ng phái tri?t h?c duy danh.;Tr??ng phái tri?t h?c duy v?t.;Tr??ng phái tri?t h?c duy tâm khách quan.;B
Câu 78: Hình th?c c? b?n, ??u tiên c?a m?i quá trình t? duy là?;Phán ?oán.;Suy lu?n.;Khái ni?m.;C?m giác.;C
Câu 79: Cái riêng là m?t ph?m trù dùng ?? ch?...;M?t t?p h?p nhi?u s? v?t, hi?n t??ng.;M?t s? v?t, m?t hi?n t??ng, m?t quá trình riêng l? nh?t ??nh.;Nh?ng ??c ?i?m chung c?a nhi?u s? v?t.;M?t khái ni?m tr?u t??ng.;B
Câu 80: Khái ni?m ??n nh?t dùng ?? ch? cái...;Có th? l?p l?i ? nhi?u s? v?t khác.;Ch? t?n t?i ? m?t s? v?t, m?t hi?n t??ng, tuy?t ??i không l?p l?i ? s? v?t, hi?n t??ng khác.;Chung nh?t c?a m?t l?p s? v?t.;T?n t?i ph? bi?n.;B
Câu 81: Cái ...ch? t?n t?i trong cái...thông quan cái riêng mà bi?u hi?n s? t?n t?i c?a mình.;Chung/Riêng.;Riêng/Chung.;??n nh?t/Chung.;Chung/??n nh?t.;A
Câu 82: Cái ...ch? t?n t?i trong m?i liên h? v?i cái...;Chung/Riêng.;Riêng/Chung.;??n nh?t/Riêng.;Chung/??n nh?t.;B
Câu 83: Cái ...là cái toàn b?, phong phú h?n cái...;Chung/Riêng.;Riêng/Chung.;??n nh?t/Chung.;Chung/??n nh?t.;B
Câu 84: Cái ...là cái b? ph?n, nh?ng sâu s?c h?n cái...;Chung/Riêng.;"Chung/Riêng. (?áp án g?c c?a b?n là ""Riêng/Chung"" nh?ng câu này ?úng ph?i là ""Chung/Riêng"", tôi ?ã s?a l?i)";??n nh?t/Chung.;Riêng/??n nh?t.;B
Câu 85: Cái... và cái... có th? chuy?n hóa l?n nhau trong quá trình phát tri?n c?a s? v?t.;Riêng/Chung.;Riêng/??c thù.;Chung/??n nh?t.;Toàn b?/B? ph?n.;C
